user,text,ts
Odille,Integer tincidunt ante vel ipsum.,2018-03-27T13:18:44Z
Birgit,Cras pellentesque volutpat dui.,2018-03-27T14:54:14Z
Gilbert,In hac habitasse platea dictumst.,2018-03-27T11:22:10Z
Saunders,Vivamus in felis eu sapien cursus vestibulum.,2018-03-27T15:29:46Z
Desiri,Mauris sit amet eros.,2018-03-27T21:34:16Z
Gabe,Morbi non quam nec dui luctus rutrum.,2018-03-27T18:54:16Z
Michaela,Proin eu mi.,2018-03-27T21:01:37Z
Hedy,Suspendisse potenti.,2018-03-27T21:20:29Z
Hagan,"Quisque erat eros, viverra eget, congue eget, semper rutrum, nulla.",2018-03-27T20:31:37Z
Dillon,Curabitur gravida nisi at nibh.,2018-03-27T20:52:00Z
Edyth,"Cras mi pede, malesuada in, imperdiet et, commodo vulputate, justo.",2018-03-27T11:16:00Z
Garrek,"In tempor, turpis nec euismod scelerisque, quam turpis adipiscing lorem, vitae mattis nibh ligula nec sem.",2018-03-27T06:04:27Z
Jonah,Integer ac neque.,2018-03-27T15:14:22Z
Denny,Aenean auctor gravida sem.,2018-03-27T04:40:27Z
Clementius,Quisque ut erat.,2018-03-27T09:32:52Z
Harris,Suspendisse potenti.,2018-03-27T03:32:13Z
Cristiano,Aenean fermentum.,2018-03-27T03:37:13Z
Matti,"In est risus, auctor sed, tristique in, tempus sit amet, sem.",2018-03-27T15:49:22Z
Bee,Nulla nisl.,2018-03-27T22:35:49Z
Aloysius,Vestibulum ac est lacinia nisi venenatis tristique.,2018-03-27T22:14:53Z
Vanda,In hac habitasse platea dictumst.,2018-03-27T22:09:16Z
Bret,Nulla tellus.,2018-03-27T01:55:56Z
Leo,"Aliquam augue quam, sollicitudin vitae, consectetuer eget, rutrum at, lorem.",2018-03-27T05:00:54Z
Trula,Nunc purus.,2018-03-27T15:49:48Z
Olympie,Donec dapibus.,2018-03-27T23:11:57Z
Timothy,"Maecenas leo odio, condimentum id, luctus nec, molestie sed, justo.",2018-03-27T15:09:27Z
Toby,In quis justo.,2018-03-27T21:19:19Z
Hilary,"Morbi odio odio, elementum eu, interdum eu, tincidunt in, leo.",2018-03-27T15:07:54Z
Lindsey,"Integer pede justo, lacinia eget, tincidunt eget, tempus vel, pede.",2018-03-27T20:04:17Z
Timi,Maecenas tincidunt lacus at velit.,2018-03-27T05:24:00Z
Itch,Vivamus in felis eu sapien cursus vestibulum.,2018-03-27T22:47:20Z
Carmine,Quisque porta volutpat erat.,2018-03-27T21:38:30Z
Franky,Fusce posuere felis sed lacus.,2018-03-27T00:35:48Z
Bobbee,Phasellus in felis.,2018-03-27T14:06:39Z
Bogey,Aliquam erat volutpat.,2018-03-27T04:33:59Z
Lottie,Suspendisse potenti.,2018-03-27T22:46:49Z
Danny,Fusce posuere felis sed lacus.,2018-03-27T10:05:58Z
Ailina,"Fusce lacus purus, aliquet at, feugiat non, pretium quis, lectus.",2018-03-27T05:43:55Z
Ofilia,Donec ut dolor.,2018-03-27T04:46:34Z
Bel,"Integer aliquet, massa id lobortis convallis, tortor risus dapibus augue, vel accumsan tellus nisi eu orci.",2018-03-27T07:51:57Z
Napoleon,Praesent id massa id nisl venenatis lacinia.,2018-03-27T11:12:32Z
Alessandro,Quisque porta volutpat erat.,2018-03-27T00:26:48Z
Emelda,Etiam justo.,2018-03-27T00:31:19Z
Erv,Aliquam non mauris.,2018-03-27T09:15:54Z
Ramsey,"Integer aliquet, massa id lobortis convallis, tortor risus dapibus augue, vel accumsan tellus nisi eu orci.",2018-03-27T18:14:39Z
Billie,Donec dapibus.,2018-03-27T01:13:34Z
Latrena,Quisque ut erat.,2018-03-27T01:43:47Z
Wilmer,Suspendisse potenti.,2018-03-27T14:14:33Z
Robert,Donec dapibus.,2018-03-27T02:14:44Z
Hoebart,In congue.,2018-03-27T05:30:54Z
Althea,Fusce posuere felis sed lacus.,2018-03-27T16:42:37Z
Hope,Donec posuere metus vitae ipsum.,2018-03-27T07:19:33Z
Kassie,Integer ac neque.,2018-03-27T13:12:30Z
Reine,Pellentesque eget nunc.,2018-03-27T03:23:48Z
Jule,Aliquam quis turpis eget elit sodales scelerisque.,2018-03-27T03:52:53Z
Salomon,Cras in purus eu magna vulputate luctus.,2018-03-27T16:22:03Z
Madelena,Quisque ut erat.,2018-03-27T16:35:45Z
Ian,In hac habitasse platea dictumst.,2018-03-27T04:28:21Z
Domenico,Integer ac neque.,2018-03-27T18:46:37Z
Sheila,Nullam varius.,2018-03-27T05:59:17Z
Goraud,"Nulla neque libero, convallis eget, eleifend luctus, ultricies eu, nibh.",2018-03-27T07:46:59Z
Silvie,Nullam sit amet turpis elementum ligula vehicula consequat.,2018-03-27T20:15:10Z
Harp,Nullam varius.,2018-03-27T14:04:56Z
Jolene,Cras non velit nec nisi vulputate nonummy.,2018-03-27T17:15:39Z
Ezechiel,Etiam pretium iaculis justo.,2018-03-27T04:36:19Z
Bayard,Donec dapibus.,2018-03-27T07:01:07Z
Austin,Aliquam non mauris.,2018-03-27T06:37:13Z
Gan,Donec ut dolor.,2018-03-27T05:49:02Z
Pearl,Nunc rhoncus dui vel sem.,2018-03-27T01:03:34Z
Lek,Vestibulum sed magna at nunc commodo placerat.,2018-03-27T07:22:14Z
Christiano,Praesent blandit lacinia erat.,2018-03-27T19:29:35Z
Clim,Donec quis orci eget orci vehicula condimentum.,2018-03-27T03:23:18Z
Ettie,Integer non velit.,2018-03-27T06:18:56Z
Winonah,Sed vel enim sit amet nunc viverra dapibus.,2018-03-27T06:09:19Z
Gertruda,Suspendisse potenti.,2018-03-27T14:01:58Z
Cortney,In congue.,2018-03-27T19:29:56Z
Barry,Fusce posuere felis sed lacus.,2018-03-27T14:08:37Z
Dwain,Quisque id justo sit amet sapien dignissim vestibulum.,2018-03-27T05:40:27Z
Liv,"Morbi sem mauris, laoreet ut, rhoncus aliquet, pulvinar sed, nisl.",2018-03-27T22:57:18Z
Fred,Donec dapibus.,2018-03-27T15:21:59Z
Elsa,Quisque ut erat.,2018-03-27T12:35:26Z
Toby,Phasellus id sapien in sapien iaculis congue.,2018-03-27T19:56:41Z
Feliza,Maecenas ut massa quis augue luctus tincidunt.,2018-03-27T16:21:23Z
Janos,Nam nulla.,2018-03-27T19:32:42Z
Danya,Maecenas ut massa quis augue luctus tincidunt.,2018-03-27T12:07:15Z
Gratia,"Donec diam neque, vestibulum eget, vulputate ut, ultrices vel, augue.",2018-03-27T23:33:44Z
Mil,In hac habitasse platea dictumst.,2018-03-27T08:17:16Z
Sergei,Maecenas tincidunt lacus at velit.,2018-03-27T01:26:39Z
Marcie,Proin risus.,2018-03-27T03:56:14Z
Forest,Vestibulum ante ipsum primis in faucibus orci luctus et ultrices posuere cubilia Curae; Nulla dapibus dolor vel est.,2018-03-27T23:41:35Z
Gherardo,Integer non velit.,2018-03-27T19:29:50Z
Jakob,"Integer pede justo, lacinia eget, tincidunt eget, tempus vel, pede.",2018-03-27T03:00:04Z
Guthry,Fusce consequat.,2018-03-27T02:51:27Z
Milton,Praesent lectus.,2018-03-27T07:57:46Z
Hercules,Fusce consequat.,2018-03-27T19:31:16Z
Mae,Nulla ac enim.,2018-03-27T16:07:39Z
Lucio,Maecenas rhoncus aliquam lacus.,2018-03-27T16:02:34Z
Carleen,"Donec odio justo, sollicitudin ut, suscipit a, feugiat et, eros.",2018-03-27T07:32:02Z
Jan,Nullam porttitor lacus at turpis.,2018-03-27T23:50:16Z
Rancell,Duis bibendum.,2018-03-27T12:32:00Z
Carey,Nulla suscipit ligula in lacus.,2018-03-27T18:42:46Z
Athena,Vestibulum ante ipsum primis in faucibus orci luctus et ultrices posuere cubilia Curae; Nulla dapibus dolor vel est.,2018-03-27T22:39:57Z
Yolanthe,Phasellus sit amet erat.,2018-03-27T13:43:59Z
Kalie,Aenean auctor gravida sem.,2018-03-27T06:09:55Z
Tresa,"Nulla neque libero, convallis eget, eleifend luctus, ultricies eu, nibh.",2018-03-27T12:20:29Z
Alida,Etiam faucibus cursus urna.,2018-03-27T06:05:57Z
Rafa,Aenean fermentum.,2018-03-27T11:56:31Z
Merrili,Donec posuere metus vitae ipsum.,2018-03-27T03:26:05Z
Frederigo,Duis aliquam convallis nunc.,2018-03-27T13:59:54Z
Konstantine,Nulla suscipit ligula in lacus.,2018-03-27T18:31:57Z
Erwin,Phasellus in felis.,2018-03-27T07:23:25Z
Dorena,Phasellus sit amet erat.,2018-03-27T21:34:32Z
Cloe,Nulla mollis molestie lorem.,2018-03-27T11:16:51Z
Gibb,"Nam ultrices, libero non mattis pulvinar, nulla pede ullamcorper augue, a suscipit nulla elit ac nulla.",2018-03-27T20:07:36Z
Mariette,"Nullam orci pede, venenatis non, sodales sed, tincidunt eu, felis.",2018-03-27T01:46:35Z
Bran,Morbi a ipsum.,2018-03-27T05:16:18Z
Arvie,"In tempor, turpis nec euismod scelerisque, quam turpis adipiscing lorem, vitae mattis nibh ligula nec sem.",2018-03-27T13:02:02Z
Antonina,Donec semper sapien a libero.,2018-03-27T19:52:37Z
Nelle,"Morbi vestibulum, velit id pretium iaculis, diam erat fermentum justo, nec condimentum neque sapien placerat ante.",2018-03-27T09:00:14Z
Nettle,"Vestibulum ante ipsum primis in faucibus orci luctus et ultrices posuere cubilia Curae; Donec pharetra, magna vestibulum aliquet ultrices, erat tortor sollicitudin mi, sit amet lobortis sapien sapien non mi.",2018-03-27T08:37:53Z
Chet,In eleifend quam a odio.,2018-03-27T20:14:26Z
Tonye,Duis ac nibh.,2018-03-27T10:20:27Z
Seka,Proin at turpis a pede posuere nonummy.,2018-03-27T07:00:33Z
Clevie,Nulla ut erat id mauris vulputate elementum.,2018-03-27T13:01:56Z
Bealle,Donec ut dolor.,2018-03-27T10:40:48Z
Lindie,"Vestibulum ante ipsum primis in faucibus orci luctus et ultrices posuere cubilia Curae; Donec pharetra, magna vestibulum aliquet ultrices, erat tortor sollicitudin mi, sit amet lobortis sapien sapien non mi.",2018-03-27T20:34:51Z
Cobbie,"Vivamus metus arcu, adipiscing molestie, hendrerit at, vulputate vitae, nisl.",2018-03-27T17:16:36Z
Trix,"Maecenas tristique, est et tempus semper, est quam pharetra magna, ac consequat metus sapien ut nunc.",2018-03-27T04:20:08Z
Beverie,In hac habitasse platea dictumst.,2018-03-27T21:03:28Z
Joyous,Vestibulum ante ipsum primis in faucibus orci luctus et ultrices posuere cubilia Curae; Mauris viverra diam vitae quam.,2018-03-27T23:29:48Z
Curtis,Nulla mollis molestie lorem.,2018-03-27T01:53:20Z
Randa,In quis justo.,2018-03-27T03:26:40Z
Rois,Sed vel enim sit amet nunc viverra dapibus.,2018-03-27T18:00:50Z
Arleyne,"Donec odio justo, sollicitudin ut, suscipit a, feugiat et, eros.",2018-03-27T23:32:45Z
Nappie,Nulla ut erat id mauris vulputate elementum.,2018-03-27T03:36:34Z
Liuka,In quis justo.,2018-03-27T16:28:34Z
Alli,Quisque id justo sit amet sapien dignissim vestibulum.,2018-03-27T01:22:13Z
Barclay,"Mauris enim leo, rhoncus sed, vestibulum sit amet, cursus id, turpis.",2018-03-27T21:46:16Z
Jyoti,Curabitur gravida nisi at nibh.,2018-03-27T19:43:31Z
Winnie,Donec vitae nisi.,2018-03-27T00:20:12Z
Sol,Nullam porttitor lacus at turpis.,2018-03-27T06:15:01Z
Doti,"Lorem ipsum dolor sit amet, consectetuer adipiscing elit.",2018-03-27T01:13:11Z
Gennie,Suspendisse potenti.,2018-03-27T15:40:16Z
Lydie,"Lorem ipsum dolor sit amet, consectetuer adipiscing elit.",2018-03-27T13:12:50Z
Ernest,"Cum sociis natoque penatibus et magnis dis parturient montes, nascetur ridiculus mus.",2018-03-27T21:04:29Z
Jeana,In hac habitasse platea dictumst.,2018-03-27T23:50:50Z
Fiann,Curabitur gravida nisi at nibh.,2018-03-27T11:56:56Z
Hayden,"Maecenas leo odio, condimentum id, luctus nec, molestie sed, justo.",2018-03-27T06:12:40Z
Lyndell,Nam nulla.,2018-03-27T15:45:53Z
Mannie,Proin risus.,2018-03-27T09:23:01Z
Prentice,Aliquam quis turpis eget elit sodales scelerisque.,2018-03-27T07:36:23Z
Clive,Nam nulla.,2018-03-27T10:38:23Z
Renado,Mauris sit amet eros.,2018-03-27T04:29:00Z
Traci,Suspendisse ornare consequat lectus.,2018-03-27T18:02:58Z
Tynan,Integer ac leo.,2018-03-27T03:30:14Z
Donavon,Maecenas tincidunt lacus at velit.,2018-03-27T16:21:18Z
Randolph,Pellentesque at nulla.,2018-03-27T09:44:38Z
Martainn,"In tempor, turpis nec euismod scelerisque, quam turpis adipiscing lorem, vitae mattis nibh ligula nec sem.",2018-03-27T08:59:13Z
Debee,Integer ac leo.,2018-03-27T07:34:11Z
Marlie,"Cum sociis natoque penatibus et magnis dis parturient montes, nascetur ridiculus mus.",2018-03-27T02:47:23Z
Sibel,Nulla tempus.,2018-03-27T22:03:44Z
Sibylle,Nulla ac enim.,2018-03-27T02:50:43Z
Kaye,In hac habitasse platea dictumst.,2018-03-27T07:44:41Z
Shelley,Proin at turpis a pede posuere nonummy.,2018-03-27T05:19:35Z
Elora,Quisque id justo sit amet sapien dignissim vestibulum.,2018-03-27T17:51:51Z
Temple,"Integer aliquet, massa id lobortis convallis, tortor risus dapibus augue, vel accumsan tellus nisi eu orci.",2018-03-27T02:10:10Z
Gilligan,Nam nulla.,2018-03-27T14:58:59Z
Imogen,Cras pellentesque volutpat dui.,2018-03-27T11:36:09Z
Cristina,Suspendisse potenti.,2018-03-27T02:14:40Z
Holly,Morbi ut odio.,2018-03-27T18:18:39Z
Jobye,Etiam pretium iaculis justo.,2018-03-27T17:55:10Z
Maggee,"Aliquam augue quam, sollicitudin vitae, consectetuer eget, rutrum at, lorem.",2018-03-27T11:39:27Z
Montague,Nulla suscipit ligula in lacus.,2018-03-27T17:33:22Z
Standford,"Vestibulum quam sapien, varius ut, blandit non, interdum in, ante.",2018-03-27T22:21:04Z
Benny,Cras in purus eu magna vulputate luctus.,2018-03-27T03:21:53Z
Marje,Duis mattis egestas metus.,2018-03-27T08:45:39Z
Gnni,Pellentesque eget nunc.,2018-03-27T13:42:54Z
Dix,Aliquam erat volutpat.,2018-03-27T14:57:16Z
Thibaut,Donec dapibus.,2018-03-27T02:55:07Z
Rori,Quisque porta volutpat erat.,2018-03-27T20:46:22Z
Ludwig,Praesent id massa id nisl venenatis lacinia.,2018-03-27T17:23:05Z
Lawton,Integer tincidunt ante vel ipsum.,2018-03-27T18:26:55Z
Kahlil,Aliquam erat volutpat.,2018-03-27T20:52:32Z
Morganica,"Maecenas tristique, est et tempus semper, est quam pharetra magna, ac consequat metus sapien ut nunc.",2018-03-27T01:45:27Z
Jennifer,Praesent id massa id nisl venenatis lacinia.,2018-03-27T07:23:14Z
Delmer,Mauris sit amet eros.,2018-03-27T07:42:48Z
Lurline,Vivamus vestibulum sagittis sapien.,2018-03-27T01:20:57Z
Jinny,"Fusce lacus purus, aliquet at, feugiat non, pretium quis, lectus.",2018-03-27T00:42:05Z
Othelia,Suspendisse accumsan tortor quis turpis.,2018-03-27T20:58:32Z
Robyn,"Maecenas leo odio, condimentum id, luctus nec, molestie sed, justo.",2018-03-27T21:54:26Z
Sebastiano,Morbi ut odio.,2018-03-27T23:26:05Z
Avram,Phasellus in felis.,2018-03-27T12:08:08Z
Kessiah,Phasellus id sapien in sapien iaculis congue.,2018-03-27T11:12:43Z
Aymer,Nunc nisl.,2018-03-27T05:01:34Z
Brantley,Suspendisse potenti.,2018-03-27T12:35:01Z
Kristos,Donec ut dolor.,2018-03-27T09:00:52Z
Xerxes,"In est risus, auctor sed, tristique in, tempus sit amet, sem.",2018-03-27T09:33:10Z
Blane,"Cum sociis natoque penatibus et magnis dis parturient montes, nascetur ridiculus mus.",2018-03-27T14:04:16Z
Mirilla,Phasellus id sapien in sapien iaculis congue.,2018-03-27T08:30:28Z
Myrvyn,Duis aliquam convallis nunc.,2018-03-27T10:07:45Z
Frankie,"Lorem ipsum dolor sit amet, consectetuer adipiscing elit.",2018-03-27T21:49:46Z
Becca,Proin interdum mauris non ligula pellentesque ultrices.,2018-03-27T12:04:57Z
Carma,"Quisque arcu libero, rutrum ac, lobortis vel, dapibus at, diam.",2018-03-27T00:09:06Z
Louisette,Mauris ullamcorper purus sit amet nulla.,2018-03-27T04:31:44Z
Ainsley,Sed vel enim sit amet nunc viverra dapibus.,2018-03-27T18:17:17Z
Dur,Vestibulum sed magna at nunc commodo placerat.,2018-03-27T21:58:19Z
Anne,Integer a nibh.,2018-03-27T22:09:43Z
Brynn,Nulla ut erat id mauris vulputate elementum.,2018-03-27T07:40:45Z
Kyle,Sed ante.,2018-03-27T08:29:17Z
Cherin,Sed vel enim sit amet nunc viverra dapibus.,2018-03-27T10:23:04Z
Chris,Pellentesque ultrices mattis odio.,2018-03-27T16:50:20Z
Wendie,Praesent lectus.,2018-03-27T01:27:02Z
Ritchie,"Nulla neque libero, convallis eget, eleifend luctus, ultricies eu, nibh.",2018-03-27T01:25:21Z
Consolata,Nullam varius.,2018-03-27T00:35:54Z
Dagny,Vivamus vestibulum sagittis sapien.,2018-03-27T23:57:38Z
Frederique,Integer ac leo.,2018-03-27T03:10:20Z
Fabiano,"Quisque arcu libero, rutrum ac, lobortis vel, dapibus at, diam.",2018-03-27T00:29:52Z
Maximilianus,Pellentesque ultrices mattis odio.,2018-03-27T00:14:25Z
Daron,Nam nulla.,2018-03-27T16:30:31Z
Rebeka,Etiam vel augue.,2018-03-27T14:02:32Z
Pattie,Nulla mollis molestie lorem.,2018-03-27T08:46:42Z
Regan,Vestibulum ante ipsum primis in faucibus orci luctus et ultrices posuere cubilia Curae; Duis faucibus accumsan odio.,2018-03-27T04:07:10Z
D'arcy,Donec posuere metus vitae ipsum.,2018-03-27T19:49:13Z
Claudius,In hac habitasse platea dictumst.,2018-03-27T05:41:41Z
Maitilde,Aenean auctor gravida sem.,2018-03-27T02:20:00Z
Ossie,"In est risus, auctor sed, tristique in, tempus sit amet, sem.",2018-03-27T03:21:17Z
Abbie,"Donec diam neque, vestibulum eget, vulputate ut, ultrices vel, augue.",2018-03-27T19:14:16Z
Gilbertina,"Proin leo odio, porttitor id, consequat in, consequat ut, nulla.",2018-03-27T06:40:17Z
Wynnie,Curabitur in libero ut massa volutpat convallis.,2018-03-27T23:28:09Z
Herminia,Ut at dolor quis odio consequat varius.,2018-03-27T22:47:27Z
Erin,Nulla tellus.,2018-03-27T15:41:20Z
Lurlene,Aenean sit amet justo.,2018-03-27T09:02:04Z
Nanete,"Vivamus metus arcu, adipiscing molestie, hendrerit at, vulputate vitae, nisl.",2018-03-27T10:34:26Z
Christopher,Aenean auctor gravida sem.,2018-03-27T19:57:05Z
Gregoor,"Morbi sem mauris, laoreet ut, rhoncus aliquet, pulvinar sed, nisl.",2018-03-27T02:18:47Z
Jonathon,Proin risus.,2018-03-27T05:07:43Z
Kiele,"Aliquam augue quam, sollicitudin vitae, consectetuer eget, rutrum at, lorem.",2018-03-27T03:21:37Z
Ulrick,"Fusce lacus purus, aliquet at, feugiat non, pretium quis, lectus.",2018-03-27T02:45:27Z
Lowell,Morbi non quam nec dui luctus rutrum.,2018-03-27T04:10:19Z
Ezri,In quis justo.,2018-03-27T03:33:43Z
Madalyn,Etiam pretium iaculis justo.,2018-03-27T03:23:15Z
Darlene,Donec ut mauris eget massa tempor convallis.,2018-03-27T06:21:49Z
Claiborn,"Donec odio justo, sollicitudin ut, suscipit a, feugiat et, eros.",2018-03-27T20:30:37Z
Yankee,Maecenas pulvinar lobortis est.,2018-03-27T00:04:58Z
Karly,In congue.,2018-03-27T20:52:55Z
Worden,Phasellus in felis.,2018-03-27T03:03:47Z
Marchelle,Nullam porttitor lacus at turpis.,2018-03-27T20:35:47Z
Dreddy,Ut tellus.,2018-03-27T17:37:48Z
Tad,Praesent id massa id nisl venenatis lacinia.,2018-03-27T04:57:26Z
Noami,In eleifend quam a odio.,2018-03-27T03:40:30Z
Stephanus,In hac habitasse platea dictumst.,2018-03-27T21:49:03Z
Lishe,Integer a nibh.,2018-03-27T03:50:55Z
Anne-marie,Aenean fermentum.,2018-03-27T23:47:39Z
Ardella,Suspendisse accumsan tortor quis turpis.,2018-03-27T12:17:41Z
Janela,"Morbi sem mauris, laoreet ut, rhoncus aliquet, pulvinar sed, nisl.",2018-03-27T07:28:57Z
Marshall,Quisque porta volutpat erat.,2018-03-27T14:19:36Z
Elliott,Sed sagittis.,2018-03-27T15:05:52Z
Agnella,"Fusce congue, diam id ornare imperdiet, sapien urna pretium nisl, ut volutpat sapien arcu sed augue.",2018-03-27T03:19:42Z
Melantha,"Cum sociis natoque penatibus et magnis dis parturient montes, nascetur ridiculus mus.",2018-03-27T07:04:32Z
Helena,Morbi quis tortor id nulla ultrices aliquet.,2018-03-27T01:55:04Z
Rozele,"Donec diam neque, vestibulum eget, vulputate ut, ultrices vel, augue.",2018-03-27T15:02:30Z
Edsel,"Nam congue, risus semper porta volutpat, quam pede lobortis ligula, sit amet eleifend pede libero quis orci.",2018-03-27T16:07:52Z
Forrester,In hac habitasse platea dictumst.,2018-03-27T17:20:26Z
Elvina,Nullam sit amet turpis elementum ligula vehicula consequat.,2018-03-27T17:04:03Z
Billye,Suspendisse potenti.,2018-03-27T22:12:31Z
Verna,"Quisque erat eros, viverra eget, congue eget, semper rutrum, nulla.",2018-03-27T06:52:11Z
Joline,Suspendisse potenti.,2018-03-27T06:20:42Z
Cass,"Integer aliquet, massa id lobortis convallis, tortor risus dapibus augue, vel accumsan tellus nisi eu orci.",2018-03-27T21:18:20Z
Catina,Cras in purus eu magna vulputate luctus.,2018-03-27T10:51:20Z
Myrna,Integer ac neque.,2018-03-27T12:19:41Z
Hamnet,"Morbi odio odio, elementum eu, interdum eu, tincidunt in, leo.",2018-03-27T07:18:31Z
Ludvig,"Aliquam augue quam, sollicitudin vitae, consectetuer eget, rutrum at, lorem.",2018-03-27T05:36:27Z
Jeff,Quisque ut erat.,2018-03-27T18:23:09Z
Harry,Ut at dolor quis odio consequat varius.,2018-03-27T13:58:54Z
Adrian,Integer ac neque.,2018-03-27T20:39:14Z
Timotheus,Nam dui.,2018-03-27T15:46:55Z
Layton,Nulla facilisi.,2018-03-27T04:07:00Z
Jeffie,Aliquam erat volutpat.,2018-03-27T12:24:26Z
Ofella,"Nam ultrices, libero non mattis pulvinar, nulla pede ullamcorper augue, a suscipit nulla elit ac nulla.",2018-03-27T20:48:06Z
Frank,Vivamus tortor.,2018-03-27T15:11:44Z
Llywellyn,In hac habitasse platea dictumst.,2018-03-27T17:10:45Z
Caleb,Mauris lacinia sapien quis libero.,2018-03-27T09:27:33Z
Roderic,Aliquam quis turpis eget elit sodales scelerisque.,2018-03-27T09:31:10Z
Calhoun,Proin risus.,2018-03-27T14:52:52Z
Karla,Vestibulum ante ipsum primis in faucibus orci luctus et ultrices posuere cubilia Curae; Mauris viverra diam vitae quam.,2018-03-27T14:00:55Z
Rozalin,Vestibulum ac est lacinia nisi venenatis tristique.,2018-03-27T06:26:01Z
Roseanna,"Morbi vestibulum, velit id pretium iaculis, diam erat fermentum justo, nec condimentum neque sapien placerat ante.",2018-03-27T17:29:50Z
Roch,Nulla tellus.,2018-03-27T14:40:05Z
Mildred,Nulla nisl.,2018-03-27T21:00:32Z
Eugine,Fusce consequat.,2018-03-27T06:29:10Z
Charlena,"Fusce congue, diam id ornare imperdiet, sapien urna pretium nisl, ut volutpat sapien arcu sed augue.",2018-03-27T12:11:58Z
Suzann,Nulla suscipit ligula in lacus.,2018-03-27T03:49:50Z
Joel,"In est risus, auctor sed, tristique in, tempus sit amet, sem.",2018-03-27T05:16:54Z
Egon,Proin at turpis a pede posuere nonummy.,2018-03-27T16:52:10Z
Janene,Nulla ut erat id mauris vulputate elementum.,2018-03-27T12:07:58Z
Adelaida,Vestibulum rutrum rutrum neque.,2018-03-27T14:57:05Z
Lillis,Nam tristique tortor eu pede.,2018-03-27T20:45:34Z
Annis,Morbi a ipsum.,2018-03-27T00:00:00Z
Thane,Nam dui.,2018-03-27T17:36:57Z
Lonnard,Suspendisse accumsan tortor quis turpis.,2018-03-27T11:47:11Z
Deena,Vivamus in felis eu sapien cursus vestibulum.,2018-03-27T02:48:07Z
Cristionna,Nulla ut erat id mauris vulputate elementum.,2018-03-27T10:14:49Z
Adriano,Aliquam sit amet diam in magna bibendum imperdiet.,2018-03-27T20:05:19Z
Nev,Donec ut dolor.,2018-03-27T22:38:02Z
Maura,Nulla justo.,2018-03-27T15:06:32Z
Meagan,Vivamus tortor.,2018-03-27T03:12:32Z
Yorgo,Nulla tempus.,2018-03-27T13:13:58Z
Flss,Proin interdum mauris non ligula pellentesque ultrices.,2018-03-27T05:14:43Z
Roda,"Nam ultrices, libero non mattis pulvinar, nulla pede ullamcorper augue, a suscipit nulla elit ac nulla.",2018-03-27T07:06:37Z
Sully,Vestibulum ante ipsum primis in faucibus orci luctus et ultrices posuere cubilia Curae; Nulla dapibus dolor vel est.,2018-03-27T15:40:10Z
Keriann,Phasellus in felis.,2018-03-27T03:43:04Z
Pierrette,Aliquam non mauris.,2018-03-27T21:00:29Z
Waneta,"Cum sociis natoque penatibus et magnis dis parturient montes, nascetur ridiculus mus.",2018-03-27T17:24:01Z
Gwenora,"Morbi vestibulum, velit id pretium iaculis, diam erat fermentum justo, nec condimentum neque sapien placerat ante.",2018-03-27T01:30:23Z
Hans,Curabitur at ipsum ac tellus semper interdum.,2018-03-27T16:32:58Z
Dietrich,Pellentesque viverra pede ac diam.,2018-03-27T01:24:49Z
Alena,Integer a nibh.,2018-03-27T07:11:17Z
Emmanuel,Morbi quis tortor id nulla ultrices aliquet.,2018-03-27T00:55:44Z
Janela,Sed sagittis.,2018-03-27T23:46:19Z
Gibby,Nullam porttitor lacus at turpis.,2018-03-27T21:32:30Z
Silvain,Nulla mollis molestie lorem.,2018-03-27T16:25:01Z
Frasquito,Nulla suscipit ligula in lacus.,2018-03-27T08:54:31Z
Far,"Cum sociis natoque penatibus et magnis dis parturient montes, nascetur ridiculus mus.",2018-03-27T15:54:15Z
Larine,Morbi non quam nec dui luctus rutrum.,2018-03-27T18:54:58Z
Ruthie,Nulla tellus.,2018-03-27T04:32:08Z
Auberon,Donec vitae nisi.,2018-03-27T19:34:12Z
Ruthie,Cras non velit nec nisi vulputate nonummy.,2018-03-27T09:55:01Z
Sibella,Nam nulla.,2018-03-27T19:28:31Z
Bibbie,Integer non velit.,2018-03-27T00:04:38Z
Flem,Morbi quis tortor id nulla ultrices aliquet.,2018-03-27T22:57:09Z
Wilmette,Nulla ac enim.,2018-03-27T15:05:52Z
Linnea,Curabitur convallis.,2018-03-27T05:09:20Z
Ranice,Nulla facilisi.,2018-03-27T22:04:39Z
Myrwyn,Nulla ut erat id mauris vulputate elementum.,2018-03-27T04:20:58Z
Orrin,"Vestibulum ante ipsum primis in faucibus orci luctus et ultrices posuere cubilia Curae; Donec pharetra, magna vestibulum aliquet ultrices, erat tortor sollicitudin mi, sit amet lobortis sapien sapien non mi.",2018-03-27T03:04:19Z
Leoline,"Lorem ipsum dolor sit amet, consectetuer adipiscing elit.",2018-03-27T13:06:49Z
Jammal,Proin risus.,2018-03-27T20:09:09Z
Lotty,Nunc nisl.,2018-03-27T04:58:13Z
Annabela,"Mauris enim leo, rhoncus sed, vestibulum sit amet, cursus id, turpis.",2018-03-27T06:23:29Z
Madelyn,Ut tellus.,2018-03-27T18:09:48Z
Boone,Proin at turpis a pede posuere nonummy.,2018-03-27T08:45:05Z
Ric,Suspendisse accumsan tortor quis turpis.,2018-03-27T05:22:07Z
Hephzibah,Nullam molestie nibh in lectus.,2018-03-27T13:19:59Z
Herve,Etiam justo.,2018-03-27T03:56:00Z
Beverly,Cras pellentesque volutpat dui.,2018-03-27T23:19:04Z
Odille,In congue.,2018-03-27T00:38:48Z
Thelma,"Quisque arcu libero, rutrum ac, lobortis vel, dapibus at, diam.",2018-03-27T04:14:58Z
Lacie,"Quisque erat eros, viverra eget, congue eget, semper rutrum, nulla.",2018-03-27T21:05:39Z
Gabbie,Nam nulla.,2018-03-27T19:32:39Z
Phillipe,Pellentesque at nulla.,2018-03-27T13:01:38Z
Romain,Sed ante.,2018-03-27T04:17:46Z
Hoyt,Aliquam erat volutpat.,2018-03-27T21:40:45Z
Madeline,"Quisque erat eros, viverra eget, congue eget, semper rutrum, nulla.",2018-03-27T00:49:48Z
Grazia,Quisque porta volutpat erat.,2018-03-27T16:12:05Z
Zorah,Curabitur in libero ut massa volutpat convallis.,2018-03-27T08:43:54Z
Doll,Phasellus id sapien in sapien iaculis congue.,2018-03-27T09:04:55Z
Charlton,"Nam ultrices, libero non mattis pulvinar, nulla pede ullamcorper augue, a suscipit nulla elit ac nulla.",2018-03-27T04:17:50Z
Jemima,Fusce posuere felis sed lacus.,2018-03-27T07:43:56Z
Aguie,Nunc purus.,2018-03-27T23:20:21Z
Zak,Mauris lacinia sapien quis libero.,2018-03-27T21:18:21Z
Sonya,Cras pellentesque volutpat dui.,2018-03-27T23:43:10Z
Rodd,Donec quis orci eget orci vehicula condimentum.,2018-03-27T11:32:07Z
Cindi,In blandit ultrices enim.,2018-03-27T18:12:45Z
Jackie,Integer ac leo.,2018-03-27T05:15:58Z
Andromache,Suspendisse potenti.,2018-03-27T13:34:38Z
Barry,Vestibulum rutrum rutrum neque.,2018-03-27T15:56:07Z
Patrizia,Etiam faucibus cursus urna.,2018-03-27T07:29:57Z
Putnem,"Cras mi pede, malesuada in, imperdiet et, commodo vulputate, justo.",2018-03-27T07:03:51Z
Dasie,Nulla facilisi.,2018-03-27T04:43:46Z
Clarita,Morbi ut odio.,2018-03-27T10:40:25Z
Sammy,Mauris sit amet eros.,2018-03-27T17:31:30Z
Lisetta,"Fusce congue, diam id ornare imperdiet, sapien urna pretium nisl, ut volutpat sapien arcu sed augue.",2018-03-27T01:03:26Z
Susan,Pellentesque viverra pede ac diam.,2018-03-27T20:19:43Z
Karine,Cras pellentesque volutpat dui.,2018-03-27T08:11:10Z
Robbyn,Nulla tempus.,2018-03-27T23:13:08Z
Gasper,Integer a nibh.,2018-03-27T12:55:52Z
Lynde,Sed accumsan felis.,2018-03-27T06:04:59Z
Laurent,Ut tellus.,2018-03-27T10:54:18Z
Erich,Mauris lacinia sapien quis libero.,2018-03-27T18:16:34Z
Archaimbaud,Proin at turpis a pede posuere nonummy.,2018-03-27T01:55:54Z
Shena,Nulla suscipit ligula in lacus.,2018-03-27T21:22:23Z
Tatum,Proin at turpis a pede posuere nonummy.,2018-03-27T16:08:33Z
Arlinda,Cras in purus eu magna vulputate luctus.,2018-03-27T10:18:57Z
Hamid,Nunc rhoncus dui vel sem.,2018-03-27T03:39:53Z
Morganne,Donec posuere metus vitae ipsum.,2018-03-27T15:29:33Z
Giorgi,"Morbi sem mauris, laoreet ut, rhoncus aliquet, pulvinar sed, nisl.",2018-03-27T23:44:52Z
Kelsey,In congue.,2018-03-27T01:45:12Z
Dari,"Quisque arcu libero, rutrum ac, lobortis vel, dapibus at, diam.",2018-03-27T02:52:14Z
Kellina,Sed ante.,2018-03-27T04:04:57Z
Tildy,Nulla tempus.,2018-03-27T19:28:26Z
Alena,Suspendisse potenti.,2018-03-27T10:25:33Z
Conrade,Phasellus id sapien in sapien iaculis congue.,2018-03-27T19:13:03Z
Avigdor,Pellentesque eget nunc.,2018-03-27T12:37:27Z
Derron,Cras non velit nec nisi vulputate nonummy.,2018-03-27T08:24:23Z
Eryn,"Lorem ipsum dolor sit amet, consectetuer adipiscing elit.",2018-03-27T16:18:55Z
Genna,Vestibulum ante ipsum primis in faucibus orci luctus et ultrices posuere cubilia Curae; Mauris viverra diam vitae quam.,2018-03-27T02:51:19Z
Aida,"Morbi odio odio, elementum eu, interdum eu, tincidunt in, leo.",2018-03-27T02:06:34Z
Donnajean,Nulla tellus.,2018-03-27T00:52:09Z
Humbert,Morbi a ipsum.,2018-03-27T23:57:00Z
Lavinia,"Fusce lacus purus, aliquet at, feugiat non, pretium quis, lectus.",2018-03-27T06:10:49Z
Abram,Morbi quis tortor id nulla ultrices aliquet.,2018-03-27T00:50:38Z
Jackelyn,Fusce posuere felis sed lacus.,2018-03-27T13:48:02Z
Emili,Nulla mollis molestie lorem.,2018-03-27T06:03:08Z
Valli,Curabitur convallis.,2018-03-27T06:08:33Z
Merwin,Mauris lacinia sapien quis libero.,2018-03-27T09:14:22Z
Zena,Morbi ut odio.,2018-03-27T08:52:33Z
Palmer,Aenean fermentum.,2018-03-27T17:58:00Z
Andriana,Donec ut dolor.,2018-03-27T08:09:53Z
Jess,Cras pellentesque volutpat dui.,2018-03-27T00:45:39Z
Claybourne,Etiam pretium iaculis justo.,2018-03-27T11:12:28Z
Glyn,Cras non velit nec nisi vulputate nonummy.,2018-03-27T06:04:11Z
Sophi,Duis aliquam convallis nunc.,2018-03-27T03:23:05Z
Bertha,In sagittis dui vel nisl.,2018-03-27T06:19:28Z
Riccardo,Integer a nibh.,2018-03-27T16:19:36Z
Tadeo,Maecenas rhoncus aliquam lacus.,2018-03-27T19:20:08Z
Andromache,Praesent blandit lacinia erat.,2018-03-27T09:53:41Z
Barby,Etiam pretium iaculis justo.,2018-03-27T07:20:53Z
Tamqrah,Vestibulum rutrum rutrum neque.,2018-03-27T04:17:15Z
Cris,Nunc nisl.,2018-03-27T16:31:22Z
Massimiliano,Sed ante.,2018-03-27T14:38:13Z
Bobbette,Suspendisse potenti.,2018-03-27T17:58:27Z
Leila,Duis ac nibh.,2018-03-27T22:57:03Z
Sibella,"Vestibulum quam sapien, varius ut, blandit non, interdum in, ante.",2018-03-27T13:52:49Z
Lavina,"Lorem ipsum dolor sit amet, consectetuer adipiscing elit.",2018-03-27T12:08:42Z
Elane,Fusce consequat.,2018-03-27T12:14:25Z
Joceline,Duis bibendum.,2018-03-27T09:41:26Z
Mozelle,Donec semper sapien a libero.,2018-03-27T22:24:40Z
Berry,Vestibulum rutrum rutrum neque.,2018-03-27T21:29:45Z
Pate,Morbi vel lectus in quam fringilla rhoncus.,2018-03-27T15:25:54Z
Michaelina,Aliquam quis turpis eget elit sodales scelerisque.,2018-03-27T19:57:55Z
Wendye,Vivamus vestibulum sagittis sapien.,2018-03-27T15:27:40Z
Shae,Suspendisse ornare consequat lectus.,2018-03-27T16:26:50Z
Rollie,Pellentesque viverra pede ac diam.,2018-03-27T23:22:03Z
Clementina,Etiam pretium iaculis justo.,2018-03-27T16:43:29Z
Rupert,Proin interdum mauris non ligula pellentesque ultrices.,2018-03-27T05:15:18Z
Phelia,Maecenas rhoncus aliquam lacus.,2018-03-27T19:41:04Z
Dana,Phasellus in felis.,2018-03-27T07:06:05Z
Arny,Duis consequat dui nec nisi volutpat eleifend.,2018-03-27T08:45:18Z
Waldemar,Vivamus vel nulla eget eros elementum pellentesque.,2018-03-27T17:27:52Z
Tandy,Ut at dolor quis odio consequat varius.,2018-03-27T20:43:01Z
Douglass,"Aliquam augue quam, sollicitudin vitae, consectetuer eget, rutrum at, lorem.",2018-03-27T02:59:04Z
Rriocard,Aliquam erat volutpat.,2018-03-27T01:39:13Z
Elwyn,"Nam ultrices, libero non mattis pulvinar, nulla pede ullamcorper augue, a suscipit nulla elit ac nulla.",2018-03-27T17:57:48Z
Emanuel,Ut at dolor quis odio consequat varius.,2018-03-27T23:41:34Z
Ivonne,Donec dapibus.,2018-03-27T04:11:27Z
Berk,Pellentesque eget nunc.,2018-03-27T15:05:49Z
Akim,Suspendisse potenti.,2018-03-27T11:43:20Z
Dew,Pellentesque eget nunc.,2018-03-27T13:25:58Z
Sibbie,Maecenas tincidunt lacus at velit.,2018-03-27T19:04:23Z
Claus,Vivamus in felis eu sapien cursus vestibulum.,2018-03-27T22:59:33Z
Geordie,"Morbi sem mauris, laoreet ut, rhoncus aliquet, pulvinar sed, nisl.",2018-03-27T22:56:05Z
Cherin,Sed accumsan felis.,2018-03-27T14:25:50Z
Brigitta,"Maecenas tristique, est et tempus semper, est quam pharetra magna, ac consequat metus sapien ut nunc.",2018-03-27T00:37:16Z
Yoko,Fusce posuere felis sed lacus.,2018-03-27T20:33:07Z
Ronald,"Nam ultrices, libero non mattis pulvinar, nulla pede ullamcorper augue, a suscipit nulla elit ac nulla.",2018-03-27T15:16:01Z
Shani,Vivamus vestibulum sagittis sapien.,2018-03-27T06:06:14Z
Ludvig,Vestibulum ante ipsum primis in faucibus orci luctus et ultrices posuere cubilia Curae; Mauris viverra diam vitae quam.,2018-03-27T14:37:04Z
Tova,Aenean fermentum.,2018-03-27T12:02:48Z
Rani,Nulla ac enim.,2018-03-27T02:39:03Z
Brandy,Donec ut dolor.,2018-03-27T00:55:46Z
Sigismund,Phasellus in felis.,2018-03-27T19:06:45Z
Erinna,Phasellus in felis.,2018-03-27T06:35:43Z
Doy,"Cum sociis natoque penatibus et magnis dis parturient montes, nascetur ridiculus mus.",2018-03-27T02:21:32Z
Veda,Quisque porta volutpat erat.,2018-03-27T12:58:08Z
Zorine,Donec semper sapien a libero.,2018-03-27T23:24:45Z
Chicky,Duis at velit eu est congue elementum.,2018-03-27T20:53:06Z
Gennifer,Sed sagittis.,2018-03-27T15:29:43Z
Roarke,Cras pellentesque volutpat dui.,2018-03-27T10:05:20Z
Melody,"In tempor, turpis nec euismod scelerisque, quam turpis adipiscing lorem, vitae mattis nibh ligula nec sem.",2018-03-27T15:29:59Z
Tobye,"Morbi sem mauris, laoreet ut, rhoncus aliquet, pulvinar sed, nisl.",2018-03-27T13:27:25Z
Agnes,Pellentesque at nulla.,2018-03-27T07:46:22Z
Kary,Nulla nisl.,2018-03-27T16:42:04Z
Corinne,"Nullam orci pede, venenatis non, sodales sed, tincidunt eu, felis.",2018-03-27T22:18:14Z
Guthry,Maecenas rhoncus aliquam lacus.,2018-03-27T15:23:16Z
Dell,Praesent id massa id nisl venenatis lacinia.,2018-03-27T21:30:01Z
Howie,Proin eu mi.,2018-03-27T18:11:17Z
Albrecht,"Vestibulum quam sapien, varius ut, blandit non, interdum in, ante.",2018-03-27T13:57:16Z
Baillie,Vestibulum sed magna at nunc commodo placerat.,2018-03-27T20:46:35Z
Ebonee,Vivamus vel nulla eget eros elementum pellentesque.,2018-03-27T18:30:54Z
Heidi,Sed vel enim sit amet nunc viverra dapibus.,2018-03-27T18:58:57Z
Fredra,Aliquam erat volutpat.,2018-03-27T08:13:57Z
Auberta,Aliquam quis turpis eget elit sodales scelerisque.,2018-03-27T17:22:45Z
Verney,Nulla tempus.,2018-03-27T06:46:52Z
Morgen,In blandit ultrices enim.,2018-03-27T18:49:42Z
Francisco,"Nullam orci pede, venenatis non, sodales sed, tincidunt eu, felis.",2018-03-27T11:39:36Z
Adda,Curabitur in libero ut massa volutpat convallis.,2018-03-27T01:13:12Z
Odella,"Maecenas tristique, est et tempus semper, est quam pharetra magna, ac consequat metus sapien ut nunc.",2018-03-27T18:47:39Z
Averell,Etiam pretium iaculis justo.,2018-03-27T03:19:34Z
Garwood,Suspendisse potenti.,2018-03-27T14:52:55Z
Berti,Nam dui.,2018-03-27T20:50:00Z
Pietro,"Fusce lacus purus, aliquet at, feugiat non, pretium quis, lectus.",2018-03-27T00:00:12Z
Aleta,Nunc nisl.,2018-03-27T16:38:54Z
Elset,Duis aliquam convallis nunc.,2018-03-27T08:52:17Z
Maryanna,"Fusce congue, diam id ornare imperdiet, sapien urna pretium nisl, ut volutpat sapien arcu sed augue.",2018-03-27T14:46:04Z
Brig,Etiam justo.,2018-03-27T01:42:37Z
Ajay,Cras pellentesque volutpat dui.,2018-03-27T22:49:26Z
Selena,"In tempor, turpis nec euismod scelerisque, quam turpis adipiscing lorem, vitae mattis nibh ligula nec sem.",2018-03-27T06:21:19Z
Carline,Etiam faucibus cursus urna.,2018-03-27T07:58:36Z
Claudell,Mauris lacinia sapien quis libero.,2018-03-27T22:16:58Z
Judy,Nam dui.,2018-03-27T10:30:31Z
Jase,Pellentesque ultrices mattis odio.,2018-03-27T01:01:07Z
Chickie,"Maecenas leo odio, condimentum id, luctus nec, molestie sed, justo.",2018-03-27T02:44:02Z
Ruthanne,"Fusce lacus purus, aliquet at, feugiat non, pretium quis, lectus.",2018-03-27T15:52:34Z
Karel,Nunc purus.,2018-03-27T09:20:28Z
Bert,Sed accumsan felis.,2018-03-27T06:42:25Z
Rhea,Pellentesque ultrices mattis odio.,2018-03-27T20:54:58Z
Chaddy,Praesent blandit lacinia erat.,2018-03-27T00:36:55Z
Antonetta,Curabitur at ipsum ac tellus semper interdum.,2018-03-27T22:36:13Z
Betsy,Aenean lectus.,2018-03-27T15:51:08Z
Lennard,Ut at dolor quis odio consequat varius.,2018-03-27T02:08:50Z
Corena,Quisque porta volutpat erat.,2018-03-27T22:04:19Z
Darin,Vestibulum ante ipsum primis in faucibus orci luctus et ultrices posuere cubilia Curae; Nulla dapibus dolor vel est.,2018-03-27T00:46:57Z
Pet,Ut at dolor quis odio consequat varius.,2018-03-27T14:19:28Z
Joleen,"Nulla neque libero, convallis eget, eleifend luctus, ultricies eu, nibh.",2018-03-27T14:02:09Z
Umeko,"Lorem ipsum dolor sit amet, consectetuer adipiscing elit.",2018-03-27T22:30:08Z
Diannne,Praesent id massa id nisl venenatis lacinia.,2018-03-27T06:07:02Z
Coop,Aenean fermentum.,2018-03-27T00:08:22Z
Gerick,Curabitur in libero ut massa volutpat convallis.,2018-03-27T12:06:16Z
Borg,"Fusce congue, diam id ornare imperdiet, sapien urna pretium nisl, ut volutpat sapien arcu sed augue.",2018-03-27T17:18:51Z
Abagail,Maecenas tincidunt lacus at velit.,2018-03-27T02:20:34Z
Clarence,Cras pellentesque volutpat dui.,2018-03-27T17:17:01Z
Anette,Mauris sit amet eros.,2018-03-27T00:33:32Z
Suzette,"Donec diam neque, vestibulum eget, vulputate ut, ultrices vel, augue.",2018-03-27T21:19:35Z
Hana,"In tempor, turpis nec euismod scelerisque, quam turpis adipiscing lorem, vitae mattis nibh ligula nec sem.",2018-03-27T08:22:28Z
Karisa,"Lorem ipsum dolor sit amet, consectetuer adipiscing elit.",2018-03-27T05:55:56Z
Gaile,Praesent blandit lacinia erat.,2018-03-27T14:55:47Z
Lorin,"Lorem ipsum dolor sit amet, consectetuer adipiscing elit.",2018-03-27T18:00:57Z
Horatio,Suspendisse ornare consequat lectus.,2018-03-27T12:14:37Z
Parker,Fusce posuere felis sed lacus.,2018-03-27T15:32:11Z
Elvira,Aenean lectus.,2018-03-27T04:30:28Z
Pamella,Sed vel enim sit amet nunc viverra dapibus.,2018-03-27T10:08:46Z
Jarrett,Suspendisse potenti.,2018-03-27T03:11:06Z
Nikos,Nulla ac enim.,2018-03-27T08:32:03Z
Hetti,In hac habitasse platea dictumst.,2018-03-27T10:56:35Z
Gaspar,Vestibulum rutrum rutrum neque.,2018-03-27T00:23:27Z
Ole,Donec vitae nisi.,2018-03-27T06:46:15Z
Mic,Cras pellentesque volutpat dui.,2018-03-27T06:46:43Z
Carla,Cras non velit nec nisi vulputate nonummy.,2018-03-27T22:28:51Z
Hazlett,"Duis bibendum, felis sed interdum venenatis, turpis enim blandit mi, in porttitor pede justo eu massa.",2018-03-27T04:51:07Z
Amalle,Nunc rhoncus dui vel sem.,2018-03-27T21:47:23Z
Sibelle,"Lorem ipsum dolor sit amet, consectetuer adipiscing elit.",2018-03-27T07:58:03Z
Menard,"Duis bibendum, felis sed interdum venenatis, turpis enim blandit mi, in porttitor pede justo eu massa.",2018-03-27T16:01:43Z
Siffre,Nulla ut erat id mauris vulputate elementum.,2018-03-27T17:32:44Z
Toni,Morbi quis tortor id nulla ultrices aliquet.,2018-03-27T20:45:23Z
Phaedra,Duis mattis egestas metus.,2018-03-27T06:48:10Z
Kipp,"Nullam orci pede, venenatis non, sodales sed, tincidunt eu, felis.",2018-03-27T19:40:35Z
Bride,Praesent blandit lacinia erat.,2018-03-27T16:03:45Z
Margaretha,Donec ut mauris eget massa tempor convallis.,2018-03-27T17:40:53Z
Jack,"Morbi sem mauris, laoreet ut, rhoncus aliquet, pulvinar sed, nisl.",2018-03-27T15:05:06Z
Keary,"Vivamus metus arcu, adipiscing molestie, hendrerit at, vulputate vitae, nisl.",2018-03-27T22:16:59Z
Maybelle,Proin interdum mauris non ligula pellentesque ultrices.,2018-03-27T05:42:22Z
Danny,"Duis bibendum, felis sed interdum venenatis, turpis enim blandit mi, in porttitor pede justo eu massa.",2018-03-27T13:27:02Z
Mirabelle,Nulla suscipit ligula in lacus.,2018-03-27T06:31:24Z
Kenneth,Donec ut dolor.,2018-03-27T12:04:53Z
Berti,Pellentesque ultrices mattis odio.,2018-03-27T20:37:05Z
Sanson,"In est risus, auctor sed, tristique in, tempus sit amet, sem.",2018-03-27T15:47:40Z
Earle,Nulla tempus.,2018-03-27T00:43:57Z
Lyndsie,Integer ac neque.,2018-03-27T09:53:11Z
Fritz,Curabitur at ipsum ac tellus semper interdum.,2018-03-27T16:30:05Z
Tresa,Pellentesque viverra pede ac diam.,2018-03-27T15:38:10Z
Annie,Pellentesque viverra pede ac diam.,2018-03-27T08:41:04Z
Beckie,"Morbi sem mauris, laoreet ut, rhoncus aliquet, pulvinar sed, nisl.",2018-03-27T22:16:44Z
Cherye,"Quisque arcu libero, rutrum ac, lobortis vel, dapibus at, diam.",2018-03-27T02:18:42Z
Helsa,"Integer aliquet, massa id lobortis convallis, tortor risus dapibus augue, vel accumsan tellus nisi eu orci.",2018-03-27T18:05:58Z
Rosemonde,Nulla suscipit ligula in lacus.,2018-03-27T04:16:29Z
Vivian,Nullam varius.,2018-03-27T11:28:23Z
Carolyne,Curabitur gravida nisi at nibh.,2018-03-27T03:37:06Z
Morris,Vestibulum sed magna at nunc commodo placerat.,2018-03-27T00:47:08Z
Ailbert,Quisque ut erat.,2018-03-27T22:07:07Z
Anestassia,Phasellus id sapien in sapien iaculis congue.,2018-03-27T22:09:11Z
Edmund,Morbi a ipsum.,2018-03-27T17:35:35Z
Mile,Nulla suscipit ligula in lacus.,2018-03-27T16:11:46Z
Vilma,"Aliquam augue quam, sollicitudin vitae, consectetuer eget, rutrum at, lorem.",2018-03-27T08:44:17Z
Stacey,Aenean lectus.,2018-03-27T00:06:08Z
Teodoor,Etiam vel augue.,2018-03-27T20:49:12Z
Isaiah,Vivamus tortor.,2018-03-27T13:27:54Z
Jayme,Nam nulla.,2018-03-27T22:52:51Z
Alta,Proin risus.,2018-03-27T15:51:34Z
Edgardo,Donec ut mauris eget massa tempor convallis.,2018-03-27T12:13:07Z
Margaux,"Lorem ipsum dolor sit amet, consectetuer adipiscing elit.",2018-03-27T11:37:53Z
Flo,Proin risus.,2018-03-27T06:59:43Z
Abbie,Pellentesque at nulla.,2018-03-27T15:25:12Z
Florie,Suspendisse ornare consequat lectus.,2018-03-27T06:06:33Z
Webster,"Donec diam neque, vestibulum eget, vulputate ut, ultrices vel, augue.",2018-03-27T11:10:25Z
Mord,Sed accumsan felis.,2018-03-27T18:59:35Z
Linus,Donec posuere metus vitae ipsum.,2018-03-27T19:31:11Z
Rolfe,Integer non velit.,2018-03-27T13:56:48Z
Wynnie,Proin risus.,2018-03-27T14:37:24Z
Gallagher,Integer ac leo.,2018-03-27T03:35:26Z
Connor,"Quisque arcu libero, rutrum ac, lobortis vel, dapibus at, diam.",2018-03-27T21:13:57Z
Coriss,In sagittis dui vel nisl.,2018-03-27T06:09:44Z
Ingamar,In quis justo.,2018-03-27T04:37:02Z
Boyce,Vestibulum ac est lacinia nisi venenatis tristique.,2018-03-27T11:58:58Z
Abbey,Nunc purus.,2018-03-27T20:39:24Z
Marnia,"Morbi vestibulum, velit id pretium iaculis, diam erat fermentum justo, nec condimentum neque sapien placerat ante.",2018-03-27T20:56:52Z
Stesha,Mauris lacinia sapien quis libero.,2018-03-27T05:52:55Z
Ranna,Suspendisse potenti.,2018-03-27T06:16:29Z
Skipton,Fusce posuere felis sed lacus.,2018-03-27T05:35:30Z
Jeffrey,Nam dui.,2018-03-27T22:05:04Z
Gawain,Cras in purus eu magna vulputate luctus.,2018-03-27T11:16:33Z
Beniamino,Vestibulum sed magna at nunc commodo placerat.,2018-03-27T00:35:13Z
Rena,Duis bibendum.,2018-03-27T20:10:47Z
Mariele,Morbi porttitor lorem id ligula.,2018-03-27T21:31:39Z
Aldric,In hac habitasse platea dictumst.,2018-03-27T18:56:12Z
Peterus,Phasellus in felis.,2018-03-27T11:34:08Z
Rivkah,Nullam varius.,2018-03-27T18:11:59Z
Anna-maria,Pellentesque ultrices mattis odio.,2018-03-27T23:53:03Z
Briney,Etiam pretium iaculis justo.,2018-03-27T13:38:31Z
Dene,Integer a nibh.,2018-03-27T03:23:13Z
Alford,Vestibulum sed magna at nunc commodo placerat.,2018-03-27T05:24:14Z
Dulcie,Integer tincidunt ante vel ipsum.,2018-03-27T04:08:39Z
Jerrold,Nulla tellus.,2018-03-27T12:01:18Z
Nahum,"Mauris enim leo, rhoncus sed, vestibulum sit amet, cursus id, turpis.",2018-03-27T23:15:31Z
Mavra,Maecenas pulvinar lobortis est.,2018-03-27T09:29:32Z
Herc,Nulla justo.,2018-03-27T21:40:07Z
Lucius,Integer non velit.,2018-03-27T15:01:04Z
Lorita,Morbi vel lectus in quam fringilla rhoncus.,2018-03-27T13:25:55Z
Pammi,Duis mattis egestas metus.,2018-03-27T01:56:35Z
Dinah,Quisque porta volutpat erat.,2018-03-27T06:38:02Z
Tiff,Donec dapibus.,2018-03-27T17:30:48Z
Willy,In hac habitasse platea dictumst.,2018-03-27T10:09:15Z
Inger,Nullam molestie nibh in lectus.,2018-03-27T12:49:23Z
Rozelle,"Nam ultrices, libero non mattis pulvinar, nulla pede ullamcorper augue, a suscipit nulla elit ac nulla.",2018-03-27T07:33:58Z
Eleen,Sed sagittis.,2018-03-27T04:32:56Z
Liza,Vivamus vestibulum sagittis sapien.,2018-03-27T07:12:32Z
Ann-marie,"Cum sociis natoque penatibus et magnis dis parturient montes, nascetur ridiculus mus.",2018-03-27T05:31:39Z
Annis,Etiam justo.,2018-03-27T16:16:46Z
Melony,Ut tellus.,2018-03-27T06:37:23Z
Cyndi,"Lorem ipsum dolor sit amet, consectetuer adipiscing elit.",2018-03-27T14:39:40Z
Michal,Aliquam erat volutpat.,2018-03-27T21:24:59Z
Lynn,"Maecenas leo odio, condimentum id, luctus nec, molestie sed, justo.",2018-03-27T11:48:05Z
Ronnie,Nullam porttitor lacus at turpis.,2018-03-27T06:29:17Z
Emmerich,Vestibulum rutrum rutrum neque.,2018-03-27T16:53:45Z
Taber,"Vestibulum ante ipsum primis in faucibus orci luctus et ultrices posuere cubilia Curae; Donec pharetra, magna vestibulum aliquet ultrices, erat tortor sollicitudin mi, sit amet lobortis sapien sapien non mi.",2018-03-27T07:08:26Z
Sada,Duis aliquam convallis nunc.,2018-03-27T13:05:48Z
Tibold,Integer tincidunt ante vel ipsum.,2018-03-27T10:30:49Z
Thomasa,Nullam porttitor lacus at turpis.,2018-03-27T10:29:32Z
Sheff,Aliquam non mauris.,2018-03-27T06:24:21Z
Aarika,Proin eu mi.,2018-03-27T22:38:33Z
Oren,Sed accumsan felis.,2018-03-27T07:36:32Z
Cordi,Praesent blandit lacinia erat.,2018-03-27T06:42:55Z
Fredericka,Aliquam erat volutpat.,2018-03-27T08:38:56Z
Kessia,Cras in purus eu magna vulputate luctus.,2018-03-27T17:32:58Z
Juliane,Vivamus in felis eu sapien cursus vestibulum.,2018-03-27T06:50:44Z
Dav,Praesent blandit.,2018-03-27T18:07:52Z
Cathleen,Pellentesque viverra pede ac diam.,2018-03-27T07:37:33Z
Sherrie,Aliquam sit amet diam in magna bibendum imperdiet.,2018-03-27T11:55:28Z
Roch,Proin at turpis a pede posuere nonummy.,2018-03-27T11:40:44Z
Wes,Nulla tellus.,2018-03-27T15:24:22Z
Gary,"In tempor, turpis nec euismod scelerisque, quam turpis adipiscing lorem, vitae mattis nibh ligula nec sem.",2018-03-27T03:50:45Z
Damon,Maecenas rhoncus aliquam lacus.,2018-03-27T17:45:59Z
Brenn,"Maecenas leo odio, condimentum id, luctus nec, molestie sed, justo.",2018-03-27T06:20:05Z
Ardisj,Pellentesque ultrices mattis odio.,2018-03-27T10:49:32Z
Kimberlee,Etiam justo.,2018-03-27T11:52:21Z
Vickie,"Morbi vestibulum, velit id pretium iaculis, diam erat fermentum justo, nec condimentum neque sapien placerat ante.",2018-03-27T16:37:31Z
Courtenay,Nam nulla.,2018-03-27T14:18:00Z
Darnell,"Vestibulum ante ipsum primis in faucibus orci luctus et ultrices posuere cubilia Curae; Donec pharetra, magna vestibulum aliquet ultrices, erat tortor sollicitudin mi, sit amet lobortis sapien sapien non mi.",2018-03-27T09:13:53Z
Elita,Vestibulum ac est lacinia nisi venenatis tristique.,2018-03-27T23:10:59Z
Greg,Sed vel enim sit amet nunc viverra dapibus.,2018-03-27T09:43:32Z
Alf,"Donec diam neque, vestibulum eget, vulputate ut, ultrices vel, augue.",2018-03-27T08:08:59Z
Adolph,Aliquam quis turpis eget elit sodales scelerisque.,2018-03-27T21:54:07Z
Mellicent,In eleifend quam a odio.,2018-03-27T17:29:21Z
Virgina,Curabitur gravida nisi at nibh.,2018-03-27T07:31:07Z
Neile,"Cum sociis natoque penatibus et magnis dis parturient montes, nascetur ridiculus mus.",2018-03-27T23:02:13Z
Billi,"Cum sociis natoque penatibus et magnis dis parturient montes, nascetur ridiculus mus.",2018-03-27T02:13:01Z
Lotta,"Donec odio justo, sollicitudin ut, suscipit a, feugiat et, eros.",2018-03-27T03:51:13Z
Elwyn,Cras pellentesque volutpat dui.,2018-03-27T19:01:13Z
Darren,Aliquam non mauris.,2018-03-27T19:32:26Z
Michelina,Mauris ullamcorper purus sit amet nulla.,2018-03-27T05:31:13Z
Nonnah,Aliquam erat volutpat.,2018-03-27T16:45:20Z
Genovera,Nulla tempus.,2018-03-27T18:20:25Z
Morgun,Phasellus id sapien in sapien iaculis congue.,2018-03-27T06:47:15Z
Katerine,Sed vel enim sit amet nunc viverra dapibus.,2018-03-27T17:07:29Z
Sandro,Ut tellus.,2018-03-27T01:47:47Z
Skipp,"Nulla neque libero, convallis eget, eleifend luctus, ultricies eu, nibh.",2018-03-27T12:27:51Z
Gregory,Nulla ut erat id mauris vulputate elementum.,2018-03-27T23:22:38Z
Abram,Nam dui.,2018-03-27T16:40:17Z
Selene,Duis bibendum.,2018-03-27T11:40:53Z
Mariska,"Morbi vestibulum, velit id pretium iaculis, diam erat fermentum justo, nec condimentum neque sapien placerat ante.",2018-03-27T21:06:35Z
Perren,Proin interdum mauris non ligula pellentesque ultrices.,2018-03-27T06:27:44Z
Darwin,In hac habitasse platea dictumst.,2018-03-27T00:47:01Z
Zacharia,Nullam varius.,2018-03-27T19:29:11Z
Kristo,"Mauris enim leo, rhoncus sed, vestibulum sit amet, cursus id, turpis.",2018-03-27T08:18:03Z
Tyne,Nunc nisl.,2018-03-27T23:52:48Z
Vere,Donec ut dolor.,2018-03-27T23:38:31Z
Emiline,Praesent blandit.,2018-03-27T11:28:56Z
Alvie,Mauris ullamcorper purus sit amet nulla.,2018-03-27T01:51:21Z
Betsey,Etiam justo.,2018-03-27T08:35:33Z
Juanita,"Morbi vestibulum, velit id pretium iaculis, diam erat fermentum justo, nec condimentum neque sapien placerat ante.",2018-03-27T05:56:44Z
Vilhelmina,Donec semper sapien a libero.,2018-03-27T17:04:52Z
Sid,Donec quis orci eget orci vehicula condimentum.,2018-03-27T19:03:55Z
Zilvia,"Integer aliquet, massa id lobortis convallis, tortor risus dapibus augue, vel accumsan tellus nisi eu orci.",2018-03-27T07:19:07Z
Tybi,Praesent id massa id nisl venenatis lacinia.,2018-03-27T17:55:48Z
Lynda,"Lorem ipsum dolor sit amet, consectetuer adipiscing elit.",2018-03-27T05:38:03Z
Nady,"Lorem ipsum dolor sit amet, consectetuer adipiscing elit.",2018-03-27T11:05:05Z
Curt,"Vestibulum ante ipsum primis in faucibus orci luctus et ultrices posuere cubilia Curae; Donec pharetra, magna vestibulum aliquet ultrices, erat tortor sollicitudin mi, sit amet lobortis sapien sapien non mi.",2018-03-27T16:11:28Z
Ollie,"Nulla neque libero, convallis eget, eleifend luctus, ultricies eu, nibh.",2018-03-27T08:14:24Z
Kirbee,Vestibulum ante ipsum primis in faucibus orci luctus et ultrices posuere cubilia Curae; Mauris viverra diam vitae quam.,2018-03-27T13:53:54Z
Madel,Aenean fermentum.,2018-03-27T04:18:04Z
Cynthy,Proin eu mi.,2018-03-27T12:29:35Z
Lynelle,"Quisque arcu libero, rutrum ac, lobortis vel, dapibus at, diam.",2018-03-27T13:02:28Z
Abbey,In hac habitasse platea dictumst.,2018-03-27T05:35:03Z
Ashton,In quis justo.,2018-03-27T14:15:19Z
Tedman,"Integer pede justo, lacinia eget, tincidunt eget, tempus vel, pede.",2018-03-27T11:06:49Z
Golda,Integer ac leo.,2018-03-27T04:08:20Z
Bonni,Mauris lacinia sapien quis libero.,2018-03-27T02:13:53Z
Isaak,In hac habitasse platea dictumst.,2018-03-27T08:13:27Z
Jessalin,Praesent id massa id nisl venenatis lacinia.,2018-03-27T06:06:38Z
Susette,Ut tellus.,2018-03-27T12:58:24Z
Linnea,"Cum sociis natoque penatibus et magnis dis parturient montes, nascetur ridiculus mus.",2018-03-27T12:12:29Z
Pincus,Praesent blandit lacinia erat.,2018-03-27T16:20:42Z
Kirbie,"Morbi vestibulum, velit id pretium iaculis, diam erat fermentum justo, nec condimentum neque sapien placerat ante.",2018-03-27T00:58:49Z
Jarrid,"Quisque erat eros, viverra eget, congue eget, semper rutrum, nulla.",2018-03-27T23:57:03Z
Stormy,"In tempor, turpis nec euismod scelerisque, quam turpis adipiscing lorem, vitae mattis nibh ligula nec sem.",2018-03-27T16:11:20Z
Elden,Nunc purus.,2018-03-27T07:30:26Z
Linnea,Vestibulum ante ipsum primis in faucibus orci luctus et ultrices posuere cubilia Curae; Nulla dapibus dolor vel est.,2018-03-27T17:15:27Z
Natalya,Maecenas pulvinar lobortis est.,2018-03-27T12:00:56Z
Kylila,Nunc purus.,2018-03-27T22:04:20Z
Brianna,"Fusce congue, diam id ornare imperdiet, sapien urna pretium nisl, ut volutpat sapien arcu sed augue.",2018-03-27T21:34:34Z
Billie,Mauris sit amet eros.,2018-03-27T08:12:56Z
Far,In hac habitasse platea dictumst.,2018-03-27T16:40:38Z
Munmro,Sed ante.,2018-03-27T14:12:08Z
Erminia,Phasellus in felis.,2018-03-27T07:57:39Z
Nonah,"Donec diam neque, vestibulum eget, vulputate ut, ultrices vel, augue.",2018-03-27T10:22:47Z
Mersey,Pellentesque at nulla.,2018-03-27T14:07:00Z
Debbie,Morbi vel lectus in quam fringilla rhoncus.,2018-03-27T14:24:49Z
Catherin,"Morbi odio odio, elementum eu, interdum eu, tincidunt in, leo.",2018-03-27T20:56:10Z
Patten,In hac habitasse platea dictumst.,2018-03-27T01:13:17Z
Wanids,Cras pellentesque volutpat dui.,2018-03-27T15:45:59Z
Zane,Sed sagittis.,2018-03-27T05:35:38Z
Vivyanne,Donec vitae nisi.,2018-03-27T20:59:29Z
Marcellina,Nulla ac enim.,2018-03-27T21:31:06Z
Honor,Vestibulum ante ipsum primis in faucibus orci luctus et ultrices posuere cubilia Curae; Nulla dapibus dolor vel est.,2018-03-27T10:47:22Z
Arty,"Proin leo odio, porttitor id, consequat in, consequat ut, nulla.",2018-03-27T00:00:40Z
Meaghan,Integer non velit.,2018-03-27T22:37:36Z
Horatius,Nunc rhoncus dui vel sem.,2018-03-27T17:49:34Z
Fleurette,In hac habitasse platea dictumst.,2018-03-27T03:05:04Z
Constantine,Morbi ut odio.,2018-03-27T08:15:12Z
Jasmine,Suspendisse ornare consequat lectus.,2018-03-27T19:31:58Z
Hy,Nunc purus.,2018-03-27T20:56:22Z
Leila,"Lorem ipsum dolor sit amet, consectetuer adipiscing elit.",2018-03-27T04:20:50Z
Kienan,Curabitur in libero ut massa volutpat convallis.,2018-03-27T15:42:53Z
Briana,Morbi vel lectus in quam fringilla rhoncus.,2018-03-27T21:28:07Z
Angeline,In congue.,2018-03-27T00:21:09Z
Whitney,Curabitur at ipsum ac tellus semper interdum.,2018-03-27T05:37:49Z
Buddie,Sed sagittis.,2018-03-27T00:09:23Z
Corly,Maecenas pulvinar lobortis est.,2018-03-27T11:37:44Z
Saxon,"Quisque arcu libero, rutrum ac, lobortis vel, dapibus at, diam.",2018-03-27T22:36:43Z
Guillema,"Lorem ipsum dolor sit amet, consectetuer adipiscing elit.",2018-03-27T15:13:09Z
Isiahi,Fusce posuere felis sed lacus.,2018-03-27T00:25:05Z
Karalynn,In hac habitasse platea dictumst.,2018-03-27T23:45:27Z
Akim,Donec ut dolor.,2018-03-27T13:27:22Z
Cecily,Etiam pretium iaculis justo.,2018-03-27T13:03:53Z
Murvyn,Praesent lectus.,2018-03-27T11:52:27Z
Bearnard,Nunc rhoncus dui vel sem.,2018-03-27T14:42:17Z
Zane,Pellentesque ultrices mattis odio.,2018-03-27T14:58:55Z
Art,"Duis bibendum, felis sed interdum venenatis, turpis enim blandit mi, in porttitor pede justo eu massa.",2018-03-27T12:19:10Z
Coretta,In blandit ultrices enim.,2018-03-27T18:42:57Z
Alli,"Nam ultrices, libero non mattis pulvinar, nulla pede ullamcorper augue, a suscipit nulla elit ac nulla.",2018-03-27T14:40:02Z
Noellyn,Vestibulum sed magna at nunc commodo placerat.,2018-03-27T17:19:16Z
Tanhya,Nulla tempus.,2018-03-27T16:50:06Z
Cosette,"Quisque erat eros, viverra eget, congue eget, semper rutrum, nulla.",2018-03-27T22:33:59Z
Tatiania,Etiam pretium iaculis justo.,2018-03-27T09:11:12Z
Abbye,Integer ac leo.,2018-03-27T21:38:35Z
Hugo,Aliquam sit amet diam in magna bibendum imperdiet.,2018-03-27T07:31:37Z
Xylina,"Vestibulum ante ipsum primis in faucibus orci luctus et ultrices posuere cubilia Curae; Donec pharetra, magna vestibulum aliquet ultrices, erat tortor sollicitudin mi, sit amet lobortis sapien sapien non mi.",2018-03-27T11:50:34Z
Moses,Maecenas pulvinar lobortis est.,2018-03-27T11:38:58Z
Ibbie,Maecenas pulvinar lobortis est.,2018-03-27T00:47:52Z
Borg,Morbi ut odio.,2018-03-27T09:24:49Z
Ulric,Vivamus vel nulla eget eros elementum pellentesque.,2018-03-27T13:25:12Z
Irma,Proin at turpis a pede posuere nonummy.,2018-03-27T18:16:43Z
Reid,Nam nulla.,2018-03-27T09:53:22Z
Raffaello,Sed accumsan felis.,2018-03-27T09:28:20Z
Bailie,In hac habitasse platea dictumst.,2018-03-27T09:49:32Z
Berkie,"Donec diam neque, vestibulum eget, vulputate ut, ultrices vel, augue.",2018-03-27T10:45:47Z
Carol,Nulla tellus.,2018-03-27T22:55:33Z
Wilmar,Aliquam erat volutpat.,2018-03-27T06:30:17Z
Juliane,Aliquam sit amet diam in magna bibendum imperdiet.,2018-03-27T01:28:01Z
Dale,Aliquam quis turpis eget elit sodales scelerisque.,2018-03-27T23:44:54Z
Tyrone,Curabitur gravida nisi at nibh.,2018-03-27T03:47:39Z
Rhoda,"Maecenas leo odio, condimentum id, luctus nec, molestie sed, justo.",2018-03-27T08:55:30Z
Abigail,Vestibulum ante ipsum primis in faucibus orci luctus et ultrices posuere cubilia Curae; Mauris viverra diam vitae quam.,2018-03-27T01:41:27Z
Ly,Donec vitae nisi.,2018-03-27T04:36:16Z
Florence,"Cum sociis natoque penatibus et magnis dis parturient montes, nascetur ridiculus mus.",2018-03-27T13:06:30Z
Karie,Curabitur gravida nisi at nibh.,2018-03-27T03:14:46Z
Cordelia,Nulla tempus.,2018-03-27T04:58:06Z
Caitlin,Vestibulum ante ipsum primis in faucibus orci luctus et ultrices posuere cubilia Curae; Duis faucibus accumsan odio.,2018-03-27T09:33:53Z
Cosme,Sed accumsan felis.,2018-03-27T17:45:40Z
Elfreda,Vestibulum ante ipsum primis in faucibus orci luctus et ultrices posuere cubilia Curae; Nulla dapibus dolor vel est.,2018-03-27T05:21:42Z
Bernadina,Nullam molestie nibh in lectus.,2018-03-27T19:05:08Z
Ellary,"Maecenas tristique, est et tempus semper, est quam pharetra magna, ac consequat metus sapien ut nunc.",2018-03-27T12:45:11Z
Miner,Proin eu mi.,2018-03-27T07:07:03Z
Felike,Integer tincidunt ante vel ipsum.,2018-03-27T04:19:56Z
Lesly,Vestibulum ante ipsum primis in faucibus orci luctus et ultrices posuere cubilia Curae; Nulla dapibus dolor vel est.,2018-03-27T17:20:07Z
Gwennie,Aliquam quis turpis eget elit sodales scelerisque.,2018-03-27T04:21:04Z
Aili,Integer tincidunt ante vel ipsum.,2018-03-27T01:36:46Z
Estrella,"Duis bibendum, felis sed interdum venenatis, turpis enim blandit mi, in porttitor pede justo eu massa.",2018-03-27T10:07:43Z
Suellen,In sagittis dui vel nisl.,2018-03-27T13:29:00Z
Aguie,Phasellus in felis.,2018-03-27T00:18:40Z
Kevon,"Integer pede justo, lacinia eget, tincidunt eget, tempus vel, pede.",2018-03-27T06:59:19Z
Dagmar,"Morbi odio odio, elementum eu, interdum eu, tincidunt in, leo.",2018-03-27T02:35:12Z
Sandye,Morbi vel lectus in quam fringilla rhoncus.,2018-03-27T01:08:53Z
Corrinne,Etiam pretium iaculis justo.,2018-03-27T00:13:19Z
Melody,In hac habitasse platea dictumst.,2018-03-27T11:12:38Z
Yetta,Nulla tellus.,2018-03-27T10:09:16Z
Selma,In congue.,2018-03-27T19:17:08Z
Garold,Morbi quis tortor id nulla ultrices aliquet.,2018-03-27T15:19:43Z
Lauralee,Integer ac leo.,2018-03-27T13:11:25Z
Reggis,Aliquam non mauris.,2018-03-27T19:49:02Z
Matt,Nam dui.,2018-03-27T22:38:38Z
Gabbey,Nullam sit amet turpis elementum ligula vehicula consequat.,2018-03-27T03:21:25Z
Gard,Nullam molestie nibh in lectus.,2018-03-27T04:49:02Z
Alyssa,Curabitur gravida nisi at nibh.,2018-03-27T06:48:43Z
Cecilio,"Lorem ipsum dolor sit amet, consectetuer adipiscing elit.",2018-03-27T12:07:03Z
Audre,Nam nulla.,2018-03-27T22:01:57Z
Juliann,Duis aliquam convallis nunc.,2018-03-27T18:02:48Z
Clevey,Donec dapibus.,2018-03-27T01:54:55Z
Peri,"In tempor, turpis nec euismod scelerisque, quam turpis adipiscing lorem, vitae mattis nibh ligula nec sem.",2018-03-27T07:05:28Z
Cullin,"In est risus, auctor sed, tristique in, tempus sit amet, sem.",2018-03-27T12:01:57Z
Robbie,Donec ut dolor.,2018-03-27T03:48:01Z
Robby,"Aliquam augue quam, sollicitudin vitae, consectetuer eget, rutrum at, lorem.",2018-03-27T11:35:00Z
Debora,"Lorem ipsum dolor sit amet, consectetuer adipiscing elit.",2018-03-27T16:37:51Z
Ewell,Proin risus.,2018-03-27T17:40:52Z
Nadia,Mauris sit amet eros.,2018-03-27T13:03:33Z
Ashleigh,Cras pellentesque volutpat dui.,2018-03-27T09:18:49Z
Roda,Nullam porttitor lacus at turpis.,2018-03-27T11:58:21Z
Tiphany,Sed sagittis.,2018-03-27T12:25:24Z
Kelsey,Donec ut mauris eget massa tempor convallis.,2018-03-27T10:28:37Z
Gusella,"Duis bibendum, felis sed interdum venenatis, turpis enim blandit mi, in porttitor pede justo eu massa.",2018-03-27T01:48:49Z
Corette,Nullam varius.,2018-03-27T08:26:12Z
Kesley,In eleifend quam a odio.,2018-03-27T13:51:11Z
Tanney,"Nullam orci pede, venenatis non, sodales sed, tincidunt eu, felis.",2018-03-27T07:30:13Z
Sherry,Nunc purus.,2018-03-27T17:53:43Z
Aaron,Integer non velit.,2018-03-27T21:46:27Z
Rosemary,Cras non velit nec nisi vulputate nonummy.,2018-03-27T23:19:50Z
Jena,Integer tincidunt ante vel ipsum.,2018-03-27T03:16:44Z
Kara,Donec posuere metus vitae ipsum.,2018-03-27T14:25:38Z
Marilee,Vestibulum ante ipsum primis in faucibus orci luctus et ultrices posuere cubilia Curae; Mauris viverra diam vitae quam.,2018-03-27T10:05:27Z
Bard,Mauris lacinia sapien quis libero.,2018-03-27T04:03:34Z
Ferris,Maecenas tincidunt lacus at velit.,2018-03-27T08:32:06Z
Skell,Curabitur at ipsum ac tellus semper interdum.,2018-03-27T05:04:44Z
Jermaine,Donec ut mauris eget massa tempor convallis.,2018-03-27T17:32:35Z
Suzette,Aenean auctor gravida sem.,2018-03-27T23:51:39Z
Natty,In hac habitasse platea dictumst.,2018-03-27T22:13:05Z
Rhoda,Phasellus id sapien in sapien iaculis congue.,2018-03-27T11:29:06Z
Aarika,"Nam ultrices, libero non mattis pulvinar, nulla pede ullamcorper augue, a suscipit nulla elit ac nulla.",2018-03-27T04:22:23Z
Mamie,"Morbi vestibulum, velit id pretium iaculis, diam erat fermentum justo, nec condimentum neque sapien placerat ante.",2018-03-27T11:07:20Z
Sawyer,Cras in purus eu magna vulputate luctus.,2018-03-27T08:33:55Z
Trip,Maecenas ut massa quis augue luctus tincidunt.,2018-03-27T11:37:03Z
Becki,Aenean sit amet justo.,2018-03-27T13:52:49Z
Alina,In quis justo.,2018-03-27T16:22:57Z
Sherwood,Donec quis orci eget orci vehicula condimentum.,2018-03-27T13:52:20Z
Hermina,Nulla facilisi.,2018-03-27T10:42:07Z
Coriss,Nullam porttitor lacus at turpis.,2018-03-27T17:19:18Z
Nicolis,Nullam porttitor lacus at turpis.,2018-03-27T13:38:32Z
Guthrey,Duis mattis egestas metus.,2018-03-27T03:11:58Z
Teador,Sed ante.,2018-03-27T06:17:36Z
Devlen,Curabitur in libero ut massa volutpat convallis.,2018-03-27T03:44:54Z
Seamus,Cras pellentesque volutpat dui.,2018-03-27T13:17:18Z
Melodee,Nam nulla.,2018-03-27T11:39:40Z
Joline,Duis ac nibh.,2018-03-27T18:03:52Z
Grazia,"Fusce congue, diam id ornare imperdiet, sapien urna pretium nisl, ut volutpat sapien arcu sed augue.",2018-03-27T16:08:12Z
Maurise,Morbi porttitor lorem id ligula.,2018-03-27T14:21:45Z
Deva,Quisque id justo sit amet sapien dignissim vestibulum.,2018-03-27T19:15:04Z
Casandra,"Nam congue, risus semper porta volutpat, quam pede lobortis ligula, sit amet eleifend pede libero quis orci.",2018-03-27T05:08:23Z
Meredith,"Morbi sem mauris, laoreet ut, rhoncus aliquet, pulvinar sed, nisl.",2018-03-27T17:34:39Z
Hansiain,Vivamus vel nulla eget eros elementum pellentesque.,2018-03-27T09:17:56Z
Roberta,"Integer pede justo, lacinia eget, tincidunt eget, tempus vel, pede.",2018-03-27T20:43:27Z
Bryon,"Fusce lacus purus, aliquet at, feugiat non, pretium quis, lectus.",2018-03-27T01:26:05Z
Adiana,Praesent id massa id nisl venenatis lacinia.,2018-03-27T12:33:38Z
Maxy,In blandit ultrices enim.,2018-03-27T23:45:57Z
Yolande,Morbi quis tortor id nulla ultrices aliquet.,2018-03-27T18:23:14Z
Tresa,In blandit ultrices enim.,2018-03-27T13:22:13Z
Ulick,"Quisque erat eros, viverra eget, congue eget, semper rutrum, nulla.",2018-03-27T08:09:49Z
Corella,"Mauris enim leo, rhoncus sed, vestibulum sit amet, cursus id, turpis.",2018-03-27T14:47:46Z
Davy,Maecenas ut massa quis augue luctus tincidunt.,2018-03-27T00:01:43Z
Josephine,Aliquam non mauris.,2018-03-27T17:06:27Z
Marian,Donec quis orci eget orci vehicula condimentum.,2018-03-27T05:39:14Z
Ellette,Nulla suscipit ligula in lacus.,2018-03-27T00:56:01Z
Emmit,Vivamus tortor.,2018-03-27T00:48:32Z
Lurline,Suspendisse ornare consequat lectus.,2018-03-27T21:17:19Z
Glory,Nam tristique tortor eu pede.,2018-03-27T05:02:48Z
Zabrina,Nulla tempus.,2018-03-27T12:22:57Z
Carlie,"Cras mi pede, malesuada in, imperdiet et, commodo vulputate, justo.",2018-03-27T19:31:35Z
Victoria,Integer ac neque.,2018-03-27T23:53:22Z
Harry,"Vestibulum quam sapien, varius ut, blandit non, interdum in, ante.",2018-03-27T03:22:45Z
Happy,Nulla tellus.,2018-03-27T03:07:37Z
Evelina,Suspendisse potenti.,2018-03-27T18:12:28Z
Isidore,Nullam molestie nibh in lectus.,2018-03-27T14:06:55Z
Evvy,In quis justo.,2018-03-27T19:29:47Z
Kacy,In hac habitasse platea dictumst.,2018-03-27T14:09:52Z
Yvor,"Morbi odio odio, elementum eu, interdum eu, tincidunt in, leo.",2018-03-27T04:25:53Z
Bob,Pellentesque at nulla.,2018-03-27T21:40:59Z
Charla,Donec dapibus.,2018-03-27T13:41:01Z
Petr,Pellentesque ultrices mattis odio.,2018-03-27T19:30:48Z
Wendall,Duis at velit eu est congue elementum.,2018-03-27T07:36:53Z
Virginie,Mauris sit amet eros.,2018-03-27T03:17:04Z
Wallis,Sed ante.,2018-03-27T09:49:37Z
Hatty,Pellentesque ultrices mattis odio.,2018-03-27T00:56:46Z
Maridel,Nam dui.,2018-03-27T02:51:38Z
Elmo,Etiam vel augue.,2018-03-27T06:10:36Z
Jard,Nam nulla.,2018-03-27T04:01:49Z
Ezra,Aenean lectus.,2018-03-27T23:57:20Z
Bastian,"Maecenas tristique, est et tempus semper, est quam pharetra magna, ac consequat metus sapien ut nunc.",2018-03-27T14:29:21Z
Martin,Maecenas tincidunt lacus at velit.,2018-03-27T15:35:04Z
Dirk,Duis bibendum.,2018-03-27T23:03:55Z
Randy,Donec quis orci eget orci vehicula condimentum.,2018-03-27T18:26:00Z
Norry,Aenean sit amet justo.,2018-03-27T16:11:08Z
Trev,Vestibulum rutrum rutrum neque.,2018-03-27T05:56:44Z
Arvin,Vestibulum sed magna at nunc commodo placerat.,2018-03-27T14:17:55Z
Roxine,"Lorem ipsum dolor sit amet, consectetuer adipiscing elit.",2018-03-27T17:32:15Z
Christen,Phasellus id sapien in sapien iaculis congue.,2018-03-27T05:30:58Z
Ollie,Etiam faucibus cursus urna.,2018-03-27T14:58:23Z
Gallagher,Vestibulum ante ipsum primis in faucibus orci luctus et ultrices posuere cubilia Curae; Mauris viverra diam vitae quam.,2018-03-27T19:04:48Z
Lorry,Suspendisse ornare consequat lectus.,2018-03-27T16:59:13Z
Nicki,Nulla tempus.,2018-03-27T17:51:51Z
Adora,Donec ut mauris eget massa tempor convallis.,2018-03-27T00:03:20Z
Tyson,Proin eu mi.,2018-03-27T12:14:15Z
Janette,Etiam vel augue.,2018-03-27T09:22:12Z
Shannah,"Morbi odio odio, elementum eu, interdum eu, tincidunt in, leo.",2018-03-27T19:08:21Z
Wilmer,"Integer pede justo, lacinia eget, tincidunt eget, tempus vel, pede.",2018-03-27T18:34:00Z
Konstantin,Nulla justo.,2018-03-27T01:02:48Z
Gustav,Aliquam erat volutpat.,2018-03-27T16:28:04Z
Jean,Maecenas pulvinar lobortis est.,2018-03-27T22:38:28Z
Andie,"In tempor, turpis nec euismod scelerisque, quam turpis adipiscing lorem, vitae mattis nibh ligula nec sem.",2018-03-27T04:47:55Z
Carmencita,Nulla tellus.,2018-03-27T04:16:22Z
Victoir,"Quisque erat eros, viverra eget, congue eget, semper rutrum, nulla.",2018-03-27T20:19:58Z
Ramona,Quisque porta volutpat erat.,2018-03-27T23:24:04Z
Misty,Aenean auctor gravida sem.,2018-03-27T12:35:49Z
Holly-anne,"Vestibulum quam sapien, varius ut, blandit non, interdum in, ante.",2018-03-27T14:32:46Z
Rafaello,Proin at turpis a pede posuere nonummy.,2018-03-27T12:43:31Z
Rubia,In hac habitasse platea dictumst.,2018-03-27T16:04:23Z
Chen,Suspendisse ornare consequat lectus.,2018-03-27T04:35:30Z
Yovonnda,Aenean sit amet justo.,2018-03-27T21:25:40Z
Chandal,Etiam faucibus cursus urna.,2018-03-27T19:14:14Z
Jennilee,In congue.,2018-03-27T06:06:36Z
Adriana,Aenean sit amet justo.,2018-03-27T02:42:00Z
Danielle,Nulla nisl.,2018-03-27T22:52:49Z
Cynthea,In blandit ultrices enim.,2018-03-27T04:25:01Z
Eolanda,Nulla facilisi.,2018-03-27T11:55:23Z
Dorey,In congue.,2018-03-27T07:29:56Z
Den,Duis aliquam convallis nunc.,2018-03-27T20:41:00Z
Lonnard,Phasellus sit amet erat.,2018-03-27T10:58:12Z
Trenna,Suspendisse potenti.,2018-03-27T14:45:21Z
Lazar,Quisque ut erat.,2018-03-27T08:59:37Z
Paloma,Pellentesque ultrices mattis odio.,2018-03-27T05:27:35Z
Shay,"Morbi vestibulum, velit id pretium iaculis, diam erat fermentum justo, nec condimentum neque sapien placerat ante.",2018-03-27T15:43:36Z
Bram,Mauris ullamcorper purus sit amet nulla.,2018-03-27T00:59:07Z
Rowen,Praesent blandit.,2018-03-27T20:59:31Z
Etheline,Nullam molestie nibh in lectus.,2018-03-27T15:05:20Z
Moritz,Aenean fermentum.,2018-03-27T16:42:59Z
Sandor,"Integer aliquet, massa id lobortis convallis, tortor risus dapibus augue, vel accumsan tellus nisi eu orci.",2018-03-27T02:15:13Z
Lilyan,"Quisque erat eros, viverra eget, congue eget, semper rutrum, nulla.",2018-03-27T16:00:53Z
Stirling,Nulla tellus.,2018-03-27T20:59:33Z
Thea,In eleifend quam a odio.,2018-03-27T10:44:16Z
Abrahan,"In tempor, turpis nec euismod scelerisque, quam turpis adipiscing lorem, vitae mattis nibh ligula nec sem.",2018-03-27T10:21:10Z
Cheryl,Integer ac neque.,2018-03-27T13:55:05Z
Madelle,Donec semper sapien a libero.,2018-03-27T10:23:58Z
Honor,Morbi porttitor lorem id ligula.,2018-03-27T15:53:03Z
Dolorita,"Quisque erat eros, viverra eget, congue eget, semper rutrum, nulla.",2018-03-27T23:54:29Z
Jeane,Vivamus vel nulla eget eros elementum pellentesque.,2018-03-27T18:41:25Z
Diann,Suspendisse ornare consequat lectus.,2018-03-27T02:10:50Z
Aida,Integer ac leo.,2018-03-27T14:46:06Z
Zared,Etiam justo.,2018-03-27T16:03:52Z
Jacynth,Quisque id justo sit amet sapien dignissim vestibulum.,2018-03-27T11:36:07Z
Irena,Proin interdum mauris non ligula pellentesque ultrices.,2018-03-27T11:50:12Z
Gaspard,Morbi ut odio.,2018-03-27T18:20:51Z
Gavrielle,Duis aliquam convallis nunc.,2018-03-27T11:53:05Z
Tove,Nulla ut erat id mauris vulputate elementum.,2018-03-27T20:30:46Z
Frederico,"Morbi vestibulum, velit id pretium iaculis, diam erat fermentum justo, nec condimentum neque sapien placerat ante.",2018-03-27T20:52:28Z
Freddi,In congue.,2018-03-27T02:31:51Z
Petronille,"Donec odio justo, sollicitudin ut, suscipit a, feugiat et, eros.",2018-03-27T22:01:35Z
Clerc,Maecenas pulvinar lobortis est.,2018-03-27T06:57:17Z
Bibbie,Nulla tempus.,2018-03-27T17:23:04Z
Ronnica,Duis aliquam convallis nunc.,2018-03-27T18:02:52Z
Edee,Vestibulum ante ipsum primis in faucibus orci luctus et ultrices posuere cubilia Curae; Mauris viverra diam vitae quam.,2018-03-27T01:20:48Z
Haydon,Duis consequat dui nec nisi volutpat eleifend.,2018-03-27T02:08:35Z
Georgeanna,Vestibulum ante ipsum primis in faucibus orci luctus et ultrices posuere cubilia Curae; Nulla dapibus dolor vel est.,2018-03-27T00:54:14Z
Merola,Vivamus vel nulla eget eros elementum pellentesque.,2018-03-27T17:47:14Z
Lacy,"Vestibulum quam sapien, varius ut, blandit non, interdum in, ante.",2018-03-27T12:35:08Z
Datha,Curabitur gravida nisi at nibh.,2018-03-27T22:30:47Z
Brittan,Nullam sit amet turpis elementum ligula vehicula consequat.,2018-03-27T16:51:50Z
Teressa,Duis at velit eu est congue elementum.,2018-03-27T11:35:11Z
Normand,Morbi quis tortor id nulla ultrices aliquet.,2018-03-27T22:21:28Z
Zora,Donec vitae nisi.,2018-03-27T18:31:12Z
Sherman,"Aliquam augue quam, sollicitudin vitae, consectetuer eget, rutrum at, lorem.",2018-03-27T08:14:33Z
Annamarie,"Cras mi pede, malesuada in, imperdiet et, commodo vulputate, justo.",2018-03-27T11:42:24Z
Vicky,Integer tincidunt ante vel ipsum.,2018-03-27T13:14:10Z
Celina,Duis at velit eu est congue elementum.,2018-03-27T16:53:38Z
Herculie,Aenean sit amet justo.,2018-03-27T07:06:55Z
Dirk,"Fusce congue, diam id ornare imperdiet, sapien urna pretium nisl, ut volutpat sapien arcu sed augue.",2018-03-27T20:59:41Z
Crichton,In blandit ultrices enim.,2018-03-27T04:56:20Z
Nil,Praesent blandit.,2018-03-27T23:56:12Z
Alyce,Fusce posuere felis sed lacus.,2018-03-27T08:08:20Z
Townsend,Donec ut dolor.,2018-03-27T05:34:00Z
Justis,Etiam vel augue.,2018-03-27T03:16:55Z
Robena,"Maecenas leo odio, condimentum id, luctus nec, molestie sed, justo.",2018-03-27T05:21:37Z
Colman,Etiam vel augue.,2018-03-27T15:26:24Z
James,Etiam faucibus cursus urna.,2018-03-27T09:20:36Z
Cordula,Aenean lectus.,2018-03-27T10:28:01Z
